word	valence_mean	valence_sd	arousal_mean	arousal_sd	concreteness_mean	concreteness_sd	frequency	number_of_letters	number_of_syllables
Abdruck	5.031250	0.616409	2.573771	1.839013	4.196721	2.688368	14	7	2
Abend	6.193548	1.948843	3.875000	2.346899	4.984127	2.915432	8	5	2
Abfahrt	5.046875	0.966579	2.096774	1.467793	5.412698	2.606660	11	7	2
Abfall	3.828125	1.847819	3.412698	2.160010	3.467742	2.467612	12	6	2
Ablauf	5.109375	0.669451	1.903226	1.422416	6.838710	2.503725	11	6	2
Absatz	4.906250	1.122904	2.612903	2.035382	4.677419	2.895866	10	6	2
Abschaum	3.317460	2.354306	5.859375	2.369564	6.032258	2.579667	16	8	2
Abscheu	3.546875	2.308918	5.693548	2.570888	7.709677	1.673194	13	7	2
Absicht	4.921875	0.802866	2.725807	2.065877	6.885246	2.367125	10	7	2
Abstand	4.921875	0.822399	2.640625	2.002912	5.936508	2.681315	10	7	2
Abstieg	3.890625	2.055710	3.428571	2.360387	6.047619	2.517222	11	7	2
Absturz	3.746032	2.071062	4.682540	2.595439	6.016129	2.595658	11	7	2
Abteil	5.015625	0.967605	1.800000	1.350455	2.761905	2.130533	14	6	2
Abzweig	4.875000	0.899735	2.312500	1.660704	5.476191	2.428707	16	7	2
Achse	5.140625	1.036894	2.114754	1.732997	2.888889	2.300849	12	5	2
Advent	6.301587	2.060652	4.079365	2.671846	5.306452	2.928597	13	6	2
Ahorn	5.421875	1.366315	2.603175	2.052062	1.693548	1.249114	15	5	2
Aids	2.714286	2.755807	7.253968	2.086580	5.370968	2.993073	11	4	1
Akkord	5.396825	1.465074	3.301587	2.211662	5.677419	2.803828	14	6	2
Akne	3.370968	2.299208	5.234375	2.492797	2.349206	1.815336	16	4	2
Akte	4.578125	1.244731	2.491803	2.141829	2.698413	2.182296	12	4	2
Akteur	5.349206	1.018518	3.484375	2.160190	4.777778	2.580600	13	6	2
Akzent	5.421875	1.561488	3.515625	2.145443	6.338710	2.462463	12	6	2
Album	5.328125	1.273100	2.714286	1.852884	2.741936	2.126611	11	5	2
Alge	4.750000	1.356934	2.590164	2.147689	2.032258	1.425387	17	4	2
Ampel	4.906250	0.849253	2.387097	2.075263	1.746032	1.469784	12	5	2
Amsel	5.640625	1.483959	2.444444	1.739279	1.492064	0.997950	15	5	2
Andrang	4.578125	1.306937	3.253968	1.942465	6.253968	2.299848	12	7	2
Anfahrt	5.111111	0.625045	2.387097	1.994705	5.825397	2.537078	14	7	2
Angel	5.062500	1.081959	2.129032	1.498457	1.507937	1.075730	13	5	2
Angriff	4.140625	2.061493	5.857143	2.539095	6.126984	2.498335	10	7	2
Angst	3.095238	2.757478	7.078125	2.125467	7.629032	2.010088	8	5	1
Anhang	5.015625	0.983873	2.338710	1.889952	6.016129	2.790452	13	6	2
Anker	4.903226	1.111928	2.548387	2.037979	1.269841	0.846365	13	5	2
Ankunft	5.453125	1.592938	2.209677	1.968082	6.222222	2.510908	11	7	2
Anlass	5.390625	0.847352	2.825397	1.888332	7.063492	2.124155	10	6	2
Anlauf	5.125000	0.723747	2.596774	1.796715	6.032258	2.449274	11	6	2
Anmut	6.285714	2.082404	5.546875	2.409832	7.983871	1.108713	14	5	2
Anrecht	5.218750	1.506270	2.730159	2.411039	7.516129	2.022350	15	7	2
Anreiz	6.112903	1.934203	4.843750	2.338218	7.285714	2.090135	12	6	2
Ansatz	5.062500	0.833333	2.048387	1.683356	6.661290	2.534636	11	6	2
Anschein	5.187500	0.794325	3.062500	1.926218	7.629032	1.821852	12	8	2
Anschlag	3.387097	2.363346	6.158730	2.610193	5.841270	2.515798	10	8	2
Ansporn	5.746032	1.534215	4.968750	2.442798	7.258065	2.304205	14	7	2
Anstand	5.734375	1.545523	3.111111	1.976565	7.306452	1.980137	13	7	2
Antrieb	5.492064	1.941674	3.016129	2.012192	7.064516	2.023396	13	7	2
Anus	4.593750	1.779234	5.796875	2.583093	2.500000	2.132881	17	4	2
Anwalt	4.781250	1.578313	3.000000	2.192362	3.412698	2.332346	10	6	2
Anzahl	5.126984	0.729385	2.338710	1.983072	6.770492	2.305020	10	6	2
Anzug	5.390625	1.267634	2.868853	2.334348	2.064516	1.706986	11	5	2
Apfel	5.718750	1.627821	3.578125	2.091591	1.206349	0.743981	13	5	2
Applaus	6.241936	2.005611	5.079365	2.438281	5.603175	2.768135	11	7	2
Archiv	4.953125	0.880651	2.377049	1.942198	3.278689	2.556894	12	6	2
ƒrger	3.359375	2.220876	6.206349	2.111098	7.967213	1.303421	10	5	2
Armut	3.531250	2.581797	5.770492	2.685724	7.126984	2.232401	10	5	2
Arsch	4.203125	2.255010	6.906250	2.106066	2.274194	1.917729	14	5	1
Arznei	4.765625	1.659434	3.920635	2.431657	3.238095	2.407745	14	6	2
Ass	5.796875	2.296856	3.500000	2.481679	4.064516	2.963554	16	3	1
Ast	5.218750	1.030776	2.206349	1.705387	1.333333	0.567962	13	3	1
ƒsthet	6.015873	1.727314	4.111111	2.443630	5.761905	2.644009	16	6	2
Asthma	3.634921	2.273988	4.250000	2.416872	4.571429	3.057061	14	6	2
Athlet	5.746032	1.759474	4.031250	2.481479	3.370968	2.477663	13	6	2
Aufriss	5.046875	1.314506	3.444444	2.360821	6.095238	2.447608	18	7	2
Aufsatz	4.937500	0.852168	2.328125	1.727965	4.761905	2.662247	13	7	2
Aufsicht	4.843750	1.335935	2.274194	1.719410	6.015873	2.648749	12	8	2
Aufstieg	6.187500	1.670234	3.640625	2.352757	6.095238	2.332894	10	8	2
Aufzug	5.125000	0.934353	2.451613	1.626395	2.209677	1.856642	13	6	2
Ausflug	5.906250	1.761301	3.539683	2.408489	5.603175	2.574939	12	7	2
Ausguck	5.562500	1.307791	3.112903	2.096874	3.790323	2.662041	17	7	2
Auskunft	5.203125	0.994903	2.435484	1.798186	6.435484	2.426770	10	8	2
Autor	5.687500	1.467911	3.048387	2.003500	3.854839	2.540471	9	5	2
Baby	6.650794	2.616072	5.531250	2.519566	2.111111	1.597489	11	4	2
Bach	5.375000	1.685607	3.238095	2.353544	2.031746	1.379203	11	4	1
Bad	6.063492	1.785904	3.904762	2.786571	1.774194	1.310980	11	3	1
Bagger	4.968750	0.853913	2.516129	1.870758	1.269841	0.573792	12	6	2
Bahn	5.125000	1.188570	2.806452	2.481662	1.612903	1.076650	9	4	1
Balken	5.079365	0.679221	2.269841	1.724644	1.868853	1.359846	13	6	2
Balkon	5.765625	2.150985	3.142857	1.949832	1.873016	1.486412	12	6	2
Ball	5.578125	1.520283	2.921875	2.198879	1.349206	0.918602	9	4	1
Balsam	6.158730	1.944441	4.343750	2.365216	4.225807	2.813430	14	6	2
Bambus	5.578125	1.434326	3.000000	2.024441	1.516129	0.882284	15	6	2
Bankrott	3.063492	2.614309	5.187500	2.724813	6.161290	2.920777	13	8	2
Bar	5.888889	2.072174	3.873016	2.439540	2.698413	2.060652	11	3	1
Basar	5.312500	1.390158	3.983607	2.452834	2.758065	1.705204	13	5	2
Bastard	3.396825	2.492179	6.126984	2.324429	5.634921	2.641490	15	7	2
Bastler	5.515625	1.272321	2.656250	1.827643	3.741936	2.598458	15	7	2
Bauch	5.375000	1.278640	4.000000	2.383808	2.095238	1.444838	11	5	1
Bauer	5.140625	0.923540	2.377049	1.674952	3.016129	2.315252	10	5	2
Baum	5.562500	1.798368	2.444444	1.838458	1.460318	0.876676	10	4	1
Becher	4.968750	0.689346	1.645161	1.505147	1.412698	1.010189	12	6	2
Becken	5.421875	1.445350	2.714286	2.019490	2.274194	1.738375	12	6	2
Beet	5.359375	1.226263	2.180328	1.736934	1.777778	1.113617	16	4	1
Befund	4.812500	1.245627	3.190476	2.093439	5.629032	2.587700	13	6	2
Beifall	6.403226	2.028160	5.484375	2.519714	5.306452	2.731652	10	7	2
Bein	5.281250	0.765709	2.873016	2.136413	1.354839	0.629774	11	4	1
Beispiel	5.250000	0.776643	2.370968	2.001916	6.064516	2.839251	9	8	2
Beleg	5.109375	0.645305	2.274194	2.120697	4.650794	2.846383	12	5	2
Berg	5.562500	1.412810	3.460318	2.123793	1.838710	1.404834	10	4	1
Bericht	5.079365	1.004853	2.177419	1.664718	4.492064	2.850427	8	7	2
Beruf	5.671875	1.533278	2.906250	2.201866	5.904762	2.698353	9	5	2
Bescheid	4.812500	1.139131	2.546875	1.726816	5.936508	2.455232	11	8	2
Besen	4.765625	0.771356	1.983871	1.476504	1.206349	0.480548	13	5	2
Bestand	4.984375	0.845008	2.190476	1.664207	6.725807	2.416944	11	7	2
Besteck	4.859375	0.852023	2.080645	1.518178	1.661290	1.186586	15	7	2
Bestie	3.500000	2.708517	6.984127	2.317480	5.209677	2.829222	14	6	2
Besuch	5.937500	1.660704	3.640625	2.170269	5.936508	2.583278	9	6	2
Betrag	4.983871	1.063430	2.677419	1.956697	5.047619	2.690656	10	6	2
Betreff	5.218750	0.916667	1.983607	1.746347	6.951613	2.145735	16	7	2
Betrug	3.250000	2.519763	5.857143	2.638775	6.677419	2.386947	11	6	2
Bett	5.857143	2.116427	4.000000	2.606463	1.370968	0.706733	10	4	1
Beweis	5.359375	1.145969	3.281250	2.134142	5.984127	2.785284	10	6	2
Biest	3.571429	2.234006	6.634921	2.112189	5.428571	2.650102	15	5	1
Bild	5.396825	1.508467	3.250000	2.152887	2.412698	1.854680	8	4	1
Bildnis	5.603175	1.476042	3.031250	2.054563	4.222222	2.599283	14	7	2
Bildung	6.428571	2.486832	4.656250	2.514837	7.467742	2.109446	9	7	2
Binde	4.484375	1.402856	3.338710	2.179965	2.190476	1.511858	15	5	2
Birke	5.312500	1.412810	2.548387	2.109133	1.596774	1.384453	15	5	2
Bistro	5.515625	1.511776	3.048387	1.945381	3.142857	2.354523	13	6	2
Bitte	5.890625	1.604727	4.666667	2.355502	7.080645	2.098387	10	5	2
Blase	4.796875	0.928896	3.671875	1.944097	2.015873	1.529200	14	5	2
Blatt	5.375000	0.951190	2.730159	2.208534	2.015873	1.736627	10	5	1
Blech	4.906250	0.750000	2.177419	1.903613	1.730159	1.110163	13	5	1
Blinker	5.093750	0.867742	2.387097	1.944769	2.048387	1.633937	16	7	2
Blume	6.354839	2.333623	3.936508	2.468335	1.500000	1.004090	12	5	2
Bl¸te	6.609375	2.394552	4.375000	2.413586	1.838710	1.404834	13	5	2
Blutung	3.687500	2.076895	6.079365	2.245437	3.209677	2.347912	16	7	2
Bogen	5.296875	1.049258	2.765625	1.949702	2.951613	2.279110	11	5	2
Bohne	5.109375	1.009749	2.492064	1.974621	1.603175	1.085679	16	5	2
Bombe	2.952381	2.708580	6.047619	2.542723	2.079365	1.771655	11	5	2
Bonbon	5.984127	1.755104	3.312500	2.069238	1.741936	1.213794	14	6	2
Boot	5.609375	1.267634	2.507937	1.803876	1.349206	0.675820	10	4	1
Bordell	4.206349	2.470201	6.580645	1.851436	2.596774	2.250389	14	7	2
Bosheit	3.222222	2.510908	5.515625	2.189384	7.790323	1.548528	14	7	2
Bote	5.245902	1.233636	2.725807	1.812248	3.603175	2.524331	13	4	2
Braut	6.322581	2.230741	5.317460	2.198426	2.190476	1.624978	11	5	1
Brett	4.890625	0.892956	2.190476	1.847903	1.661290	1.100574	12	5	1
Brezel	5.625000	1.795055	2.555556	1.924191	1.629032	1.148540	16	6	2
Brief	5.809524	1.533046	3.921875	2.477228	1.338710	1.100574	9	5	1
Br¸cke	5.515625	1.490629	2.532258	1.715099	1.365079	0.955487	10	6	2
Bruder	6.093750	1.997767	3.890625	2.437258	2.903226	2.316793	9	6	2
Brust	6.380952	1.698468	5.838710	2.437370	1.645161	1.160791	10	5	1
B¸chse	4.953125	0.998883	2.622951	2.229828	1.793651	1.536216	13	6	2
Buckel	4.156250	1.644797	3.656250	2.502182	2.460318	1.584455	14	6	2
B¸fett	5.875000	1.812654	3.746032	2.235839	3.079365	2.295167	14	6	2
B¸hne	6.047619	1.679368	3.812500	2.329078	1.936508	1.412765	8	5	2
B¸ndel	5.031250	0.835117	2.741936	2.087712	3.174603	2.317811	13	6	2
B¸ro	4.793651	1.345947	2.225807	1.928385	2.758065	2.085748	9	4	2
Busen	6.000000	2.031498	6.523810	2.014921	1.714286	0.905691	12	5	2
Butter	4.936508	0.948224	2.306452	1.825042	1.693548	1.064921	12	6	2
Chance	6.047619	2.231942	5.406250	2.511679	6.967742	2.202590	8	6	2
Chaos	3.765625	1.982000	6.047619	2.372073	7.435484	1.921586	10	5	2
Charme	6.634921	2.157519	5.781250	2.104181	7.426230	1.802397	11	6	1
Dach	5.171875	1.120582	2.426230	1.765021	1.580645	1.064300	10	4	1
Dackel	5.015625	1.397188	2.672131	2.038965	1.460318	0.980872	14	6	2
Dame	6.171875	1.964403	4.328125	2.436851	3.333333	2.348644	10	4	2
Damm	5.453125	1.220587	2.920635	2.350714	1.887097	1.368316	11	4	1
D‰mon	3.507937	2.487861	6.078125	2.372492	5.841270	2.946876	14	5	2
Dampf	5.015625	0.604013	2.406250	1.550410	3.322581	2.487834	13	5	1
Dank	6.253968	2.117274	4.671875	2.643078	7.306452	1.955142	10	4	1
Daumen	5.046875	0.862438	2.571429	1.956909	1.516129	1.327415	13	6	2
Decke	5.312500	1.367131	2.467742	1.852935	1.634921	1.273826	11	5	2
Deckel	4.984375	0.723576	1.984127	1.560522	1.920635	1.734857	13	6	2
Delle	4.609375	1.475914	2.951613	2.279110	2.603175	2.028345	15	5	2
Delphin	6.046875	1.794433	3.484375	2.336679	1.492064	1.013983	15	7	2
Denkmal	5.703125	1.465797	3.312500	2.046096	1.936508	1.635030	11	7	1
Depp	3.781250	2.042942	4.984375	2.367050	6.333333	2.495157	15	4	1
Dessert	5.967742	1.974989	4.859375	2.461560	2.031746	1.177316	14	7	2
Detail	5.328125	1.054916	2.790323	2.203850	6.596774	2.357129	11	6	2
Diele	5.093750	0.987521	2.327869	1.823196	2.730159	2.223093	15	5	2
Dildo	4.920635	2.002431	6.453125	2.389990	1.888889	1.637377	18	5	2
Dirne	4.453125	1.934890	4.671875	2.513801	4.571429	2.613330	14	5	2
Disco	6.000000	1.745743	5.468750	2.203668	3.206349	2.701008	12	5	2
Distrikt	4.828125	1.189300	2.380952	1.790914	6.000000	2.750758	15	8	2
Diva	5.687500	1.841971	5.698413	2.366670	5.380952	2.517222	13	4	2
Docht	5.109375	1.114368	3.158730	2.470512	1.984127	1.755104	17	5	1
Dorf	4.968750	1.436141	2.532258	1.705514	2.158730	1.705838	9	4	1
Dose	5.078125	0.741185	2.190476	1.683479	1.460318	0.799706	13	4	2
Dozent	5.203125	0.945829	2.984127	2.067350	3.238095	2.563480	13	6	2
Draht	4.562500	1.166667	2.507937	1.730868	1.629032	0.853803	13	5	1
Drangsal	3.603175	2.004348	4.406250	2.635043	7.435484	1.789047	17	8	2
Dreck	3.750000	2.062515	5.093750	2.486272	2.952381	2.113158	12	5	1
Drogen	3.047619	2.630029	6.793651	2.397302	3.126984	2.151459	10	6	2
Drohung	3.437500	2.376305	6.507937	2.285106	7.322581	1.862258	11	7	2
Drucker	5.031250	0.712000	2.180328	1.688275	2.532258	2.147952	13	7	2
Duft	6.290323	1.986736	5.693548	2.577257	5.741936	2.868343	12	4	1
Dummheit	3.593750	2.021462	5.645161	2.173588	7.870968	1.654441	12	8	2
D¸rre	3.750000	2.015811	4.203125	2.146830	5.096774	2.622161	13	5	2
Dusche	5.758065	1.930646	3.968254	2.488478	1.571429	0.962428	13	6	2
Echo	5.312500	1.125110	3.890625	2.303325	5.793651	2.754227	11	4	2
Efeu	5.468750	1.447151	2.951613	2.213427	1.650794	1.369704	15	4	2
Effekt	5.312500	1.193567	2.952381	2.011488	6.774194	2.307645	11	6	2
Ehe	5.777778	2.105633	5.746032	2.416130	5.770492	2.783244	10	3	2
Ehre	6.380952	2.239157	4.875000	2.353653	8.147541	1.514772	10	4	2
Ehrung	6.333333	1.934408	5.253968	2.416130	7.661290	1.745660	12	6	2
Eiche	5.187500	1.355471	2.428571	1.981481	1.666667	1.402762	13	5	2
Eifer	5.793651	2.237213	4.968750	2.302302	7.903226	1.339313	12	5	2
Einfahrt	5.093750	0.830352	1.983871	1.583645	4.079365	2.629250	13	8	2
Eintritt	5.046875	0.880651	2.714286	1.912848	6.000000	2.781673	10	8	2
Eisen	4.703125	1.177564	2.206349	1.815336	2.213115	1.924532	12	5	2
Eiter	3.253968	2.355284	6.047619	2.317038	2.612903	2.249625	17	5	2
Ekel	3.312500	2.429155	6.532258	2.147952	7.887097	1.660583	13	4	2
Ekzem	3.269841	2.477032	6.109375	2.679239	3.000000	2.276033	18	5	2
Elan	5.873016	1.955077	4.650794	2.342860	7.870968	1.454038	13	4	2
Elend	2.919355	2.812725	6.682540	2.277700	6.806452	2.164079	11	5	2
Elfe	6.190476	2.006901	4.609375	2.327320	5.096774	2.861329	16	4	2
Engel	6.718750	2.291937	5.650794	2.597510	4.483871	3.044705	10	5	2
Ente	5.555556	1.456662	2.693548	2.100653	1.596774	1.487210	13	4	2
Erbse	5.140625	1.180089	1.951613	1.731364	1.444444	1.059181	17	5	2
Eule	5.406250	1.317992	2.983871	2.146228	1.714286	1.288016	14	4	2
Fabel	5.523810	1.401119	2.596774	1.664082	4.737705	2.713556	13	5	2
Fackel	5.328125	1.543596	4.031250	2.383600	1.619048	1.197155	14	6	2
Faden	5.062500	0.613990	2.114754	1.761613	1.698413	1.041632	13	5	2
F‰hre	5.492064	1.255607	2.396825	1.764705	1.777778	1.590744	12	5	2
Fahrer	5.328125	1.084592	2.344262	1.878699	3.758065	2.393197	9	6	2
Fahrt	5.359375	1.173344	2.460318	1.776417	5.338710	2.804818	10	5	1
Faktor	5.046875	1.030175	2.290323	2.051685	6.412698	2.697878	11	6	2
Falle	3.571429	1.997695	4.781250	2.360177	4.080645	2.729910	11	5	2
Farbe	5.777778	1.518111	3.750000	2.343515	4.564516	3.033264	10	5	2
Farmer	5.156250	0.929563	2.229508	1.657241	3.238095	2.441009	13	6	2
Faser	4.936508	0.877552	2.557377	1.928078	2.269841	1.648130	15	5	2
Fass	5.078125	1.276213	2.467742	2.022154	1.587302	1.087093	14	4	1
F‰ulnis	3.156250	2.317763	4.920635	2.509990	4.777778	2.690752	16	7	2
Fee	6.349206	2.156451	4.312500	2.461610	5.193548	3.171795	14	3	1
Feier	6.546875	2.188931	5.156250	2.262312	4.396825	2.738847	11	5	2
Feigling	3.812500	1.859126	5.828125	2.271666	6.126984	2.386062	15	8	2
Feind	3.079365	2.384774	7.000000	2.123190	6.016129	2.538180	10	5	1
Feld	5.171875	1.091885	2.129032	1.750727	2.451613	2.005545	10	4	1
Felsen	5.390625	1.304658	3.274194	2.166582	1.258065	0.541264	11	6	2
Fenster	5.359375	1.337698	2.290323	1.643538	1.460318	0.667818	9	7	2
Ferse	4.953125	0.652947	2.562500	1.876124	1.919355	1.485431	15	5	2
Fessel	3.921875	1.978493	5.687500	2.701411	2.114754	1.592675	15	6	2
Fest	6.380952	2.019490	4.343750	2.344996	4.206349	2.528283	10	4	1
Fete	6.435484	2.139565	5.079365	2.281069	4.523810	2.855991	14	4	2
Fetzen	4.234375	1.715866	4.812500	2.231627	3.682540	2.441743	13	6	2
Fick	4.873016	2.517629	7.234375	2.209232	4.419355	2.843159	17	4	1
Fieber	3.250000	2.239615	5.203125	2.276029	5.661290	2.553965	12	6	2
Figur	5.546875	1.194295	4.158730	2.528587	3.825397	2.426598	10	5	2
Film	5.870968	1.760066	4.796875	2.520895	2.435484	2.061521	8	4	1
Filter	5.078125	1.088244	2.262295	2.072853	2.206349	1.393056	13	6	2
Finger	5.111111	1.137500	3.625000	2.134375	1.412698	0.977735	10	6	2
Fisch	5.406250	1.630257	2.806452	1.809254	1.444444	0.735676	11	5	1
Fixer	3.111111	2.450221	6.344262	2.594130	4.555556	2.513048	16	5	2
Flagge	5.031250	1.234025	2.806452	2.055291	1.725807	1.580303	12	6	2
Flasche	5.046875	1.361951	2.412698	1.671728	1.396825	0.942538	11	7	2
Fleiss	6.460318	1.941278	4.238095	2.204938	7.725807	1.651322	13	5	1
Flinte	4.062500	1.602330	4.953125	2.663270	2.158730	1.868295	14	6	2
Flirt	6.596774	2.336171	6.412698	2.068465	6.174603	2.399864	14	5	1
Fluch	3.253968	2.257377	5.682540	2.428496	7.523810	1.821530	12	5	1
Fluss	5.781250	1.350705	3.269841	2.259077	1.709677	1.136389	12	5	1
Fokus	5.312500	1.125110	2.904762	1.989604	6.483871	2.726566	13	5	2
Folie	5.078125	0.741185	2.150000	1.592621	2.114754	1.654271	13	5	2
Folter	2.761905	2.751623	6.790323	1.992915	6.190476	2.551768	12	6	2
Fˆn	5.079365	0.725160	2.296875	1.831642	1.580645	1.222043	16	3	1
Format	5.047619	0.580005	2.064516	1.915176	5.193548	2.862068	12	6	2
Formel	5.156250	0.979452	2.645161	2.081116	5.822581	3.027330	11	6	2
Fotze	3.187500	2.653988	6.843750	2.191026	2.936508	2.235152	18	5	2
Fracht	4.937500	0.888641	2.606557	2.035343	3.238095	2.414434	13	6	1
Fratze	3.750000	2.174893	5.666667	2.409658	4.746032	2.711792	15	6	2
Freibad	6.079365	2.034395	3.703125	2.143130	2.333333	2.047816	13	7	1
Freiheit	7.396825	2.556079	6.619048	2.405830	8.065574	1.973735	9	8	2
Freude	6.809524	2.558081	7.015625	2.387083	7.666667	2.125119	9	6	2
Freund	6.937500	2.587362	7.111111	2.215132	4.730159	2.846653	9	6	1
Frieden	7.265625	2.829786	6.349206	2.489713	8.290323	1.497398	9	7	2
Frische	6.269841	2.237556	3.761905	2.298066	6.920635	2.119811	13	7	2
Frosch	4.937500	1.232818	3.096774	2.078064	1.460318	0.799706	13	6	1
Frucht	5.968750	1.935211	5.171875	2.664015	2.500000	2.366086	13	6	1
Fr¸hling	7.000000	2.642750	5.698413	2.691893	5.822581	3.038141	11	8	2
Frust	3.421875	2.287334	5.825397	2.472688	8.064516	1.212922	12	5	1
F¸lle	5.079365	1.451380	3.687500	2.188534	6.919355	2.328008	11	5	2
Funzel	4.796875	1.404976	3.333333	2.286002	3.564516	2.413222	18	6	2
Furcht	3.453125	2.403237	6.838710	2.026008	7.645161	2.120136	11	6	1
Furie	3.619048	2.210157	6.343750	2.048761	5.704918	2.703974	16	5	2
Furz	3.484375	2.246636	5.640625	2.464782	3.746032	2.687896	17	4	1
Futter	5.296875	1.164006	2.596774	1.979068	2.460318	1.692730	12	6	2
Gabel	5.187500	0.814063	2.142857	1.522489	1.190476	0.470317	14	5	2
Gaffer	3.734375	1.904399	5.781250	2.353442	4.825397	2.556079	16	6	2
Galgen	2.803279	2.767789	5.822581	2.645901	1.571429	0.855990	14	6	2
Galle	3.859375	2.014765	4.507937	2.638872	3.206349	2.541010	15	5	2
Gang	5.140625	0.973738	2.483871	1.853149	4.126984	2.779487	10	4	1
Garn	5.234375	0.583971	2.098361	1.841240	2.015873	1.736627	15	4	1
Gasse	5.000000	1.221501	2.951613	2.052008	3.048387	2.271906	13	5	2
Gatte	5.656250	1.565691	3.983871	2.446087	4.145161	2.578898	13	5	2
Geb‰ck	6.062500	1.717094	3.234375	2.180303	2.000000	1.305725	14	6	2
Geb‰lk	5.046875	1.338439	2.555556	1.775985	3.129032	2.272313	15	6	2
Gebiet	4.953125	0.785376	2.145161	1.607837	4.714286	2.819452	9	6	2
Gebiss	4.218750	1.240440	3.437500	2.076895	1.698413	1.252545	16	6	2
Gebrauch	5.031250	0.975392	2.301587	1.854680	6.888889	1.960177	11	8	2
Gebr¸ll	3.859375	1.815867	6.000000	2.039297	5.158730	2.665226	14	7	2
Geburt	6.531250	2.189214	5.396825	2.802877	3.634921	2.503556	11	6	2
Geb¸sch	5.406250	1.079664	2.790323	1.820981	2.063492	1.468739	13	7	2
Ged‰rm	3.539683	2.298845	5.781250	2.503767	3.603175	2.446457	17	6	2
Gedicht	6.333333	2.032002	4.634921	2.522809	3.777778	2.523723	11	7	2
Geduld	5.875000	2.207491	4.015873	2.217904	7.354839	2.065301	11	6	2
Gefahr	3.828125	2.313210	7.000000	2.054805	6.983871	2.213905	8	6	2
Gef¸hl	6.516129	2.245155	7.000000	2.278936	7.919355	2.026856	9	6	2
Geheul	3.593750	2.068039	5.317460	2.347445	6.142857	2.381766	15	6	2
Geier	4.250000	1.885618	3.838710	2.334303	1.666667	1.295152	14	5	2
Geilheit	4.890625	2.190290	7.031250	1.708696	7.774194	1.731287	16	8	2
Geisel	2.857143	2.644880	6.460318	2.298845	4.000000	2.611450	13	6	2
Geiz	3.328125	2.261161	5.222222	2.296171	7.555556	2.069578	15	4	1
Gelenk	5.062500	0.940702	2.523810	1.982644	1.777778	1.142217	15	6	2
Gem‰cht	5.031250	1.661599	5.095238	2.512641	3.301587	2.531319	17	7	2
Gemahl	5.750000	1.708987	3.984127	2.331358	4.349206	2.640618	13	6	2
Genie	6.854839	2.610488	6.562500	2.416051	6.725807	2.618781	12	5	2
Genuss	6.467742	2.634685	6.453125	2.260283	7.193548	2.331809	12	6	2
Gep‰ck	5.234375	1.243934	2.693548	1.842919	2.571429	2.168055	12	6	2
Gesang	6.174603	2.196329	4.951613	2.452349	4.888889	2.788867	11	6	2
Geschenk	6.338710	2.239317	4.171875	2.387498	3.666667	2.735667	12	8	2
Geschrei	3.640625	2.372911	6.571429	2.298066	5.968254	2.651647	12	8	2
Geschw¸r	3.206349	2.652806	5.921875	2.399105	3.338710	2.579513	16	8	2
Gesicht	6.063492	1.891177	4.187500	2.422612	2.225807	1.787198	8	7	2
Gespˆtt	3.396825	2.188973	5.625000	2.074027	6.661290	2.388110	15	7	2
Gestank	3.126984	2.465845	5.825397	2.218250	5.650794	2.736602	14	7	2
Getier	4.380952	1.790914	4.546875	2.672195	4.015873	2.808352	15	6	2
Getr‰nk	5.619048	1.895909	3.836066	2.153914	2.737705	2.136209	13	7	2
Gewalt	2.936508	2.626619	7.015873	2.098326	6.770492	2.519216	8	6	2
Gewand	5.671875	1.260570	3.421875	2.188024	2.903226	2.215517	12	6	2
Gewinn	6.265625	2.132457	5.437500	2.648000	6.177419	2.688922	9	6	2
Gew¸hl	3.953125	1.758694	5.000000	2.353929	5.661290	2.579513	14	6	2
Gew¸rm	3.515625	2.274721	5.147541	2.535324	4.126984	2.714906	17	6	2
Gez‰nk	3.328125	2.047489	5.062500	2.455153	6.984127	2.105998	15	6	2
Ghetto	3.281250	2.547758	6.406250	1.989805	4.507937	2.435444	13	6	2
Giebel	4.828125	0.679745	2.387097	1.953180	2.460318	2.153957	14	6	2
Gier	3.126984	2.702998	5.333333	2.375955	7.564516	2.280502	13	4	1
Gift	3.390625	2.327320	6.523810	2.284994	4.190476	2.717074	12	4	1
Gipfel	5.640625	1.440538	3.714286	2.611566	2.147541	1.711102	10	6	2
Glanz	5.906250	1.788133	3.984375	2.134317	6.333333	2.540003	11	5	1
Glas	5.203125	1.382196	2.387097	1.777407	1.507937	0.913572	10	4	1
Glaube	5.952381	2.239157	4.564516	2.287679	8.048387	1.768832	12	6	2
Gleis	4.843750	0.946485	2.258065	1.764267	1.548387	0.986423	13	5	1
Glied	5.390625	1.569725	6.142857	2.474757	2.031746	1.674941	13	5	1
Glitzer	5.523810	1.501152	3.838710	2.327269	3.460318	2.249196	16	7	2
Gl¸ck	6.968750	2.736982	7.359375	2.080653	8.241936	1.789638	8	5	1
Gold	6.063492	2.146813	4.555556	2.582683	1.968254	1.469784	9	4	1
Golf	5.171875	1.202573	2.476191	1.990762	3.032258	2.381402	10	4	1
Gondel	5.500000	1.247219	3.459016	2.291824	2.142857	1.702533	14	6	2
Gˆre	3.968750	1.868441	5.281250	2.360177	4.698413	2.667819	16	4	2
Grab	3.507937	2.461792	6.093750	2.549315	2.412698	2.044938	11	4	1
Graphik	5.793651	1.567397	2.857143	2.270833	3.507937	2.313167	14	7	2
Gras	5.593750	1.466220	3.190476	2.326961	1.380952	0.633184	11	4	1
Grazie	6.428571	2.107699	5.031250	2.267568	6.396825	2.524331	14	6	2
Grind	4.140625	1.833266	4.225807	2.563421	2.809524	1.990762	17	5	1
Grinsen	6.269841	2.111461	5.656250	2.132282	4.984127	2.708958	13	7	2
Gr¸bchen	6.225807	1.712245	4.203125	2.364954	2.698413	1.947993	17	8	2
Gruft	3.730159	2.215825	5.421875	2.342192	2.206349	1.647664	14	5	1
Gr¸nder	5.843750	1.237236	3.174603	2.359194	4.904762	2.686371	11	7	2
Gruppe	5.390625	1.432250	3.359375	2.242215	4.095238	2.557180	8	6	2
Gunst	6.174603	1.631739	3.609375	2.272103	7.435484	1.770625	12	5	1
G¸te	6.365079	2.216519	5.126984	2.485390	7.596774	1.787568	12	4	2
Hafen	5.650794	1.770354	2.968254	2.086580	2.016393	1.607190	11	5	2
Hai	4.328125	1.737127	5.734375	2.351914	1.580645	1.094673	14	3	1
H‰lfte	5.125000	0.806718	2.475410	1.831271	5.031746	2.693890	8	6	2
Hammer	4.906250	1.122904	3.048387	2.279110	1.209677	0.483739	11	6	2
Handel	5.265625	1.224644	2.704918	1.935151	5.516129	2.702409	9	6	2
Handlung	5.112903	0.942700	3.000000	1.909231	6.612903	2.397778	11	8	2
Harem	4.953125	2.058121	5.140625	2.474423	4.190476	2.614211	15	5	2
H‰rte	4.593750	1.874802	4.156250	2.324601	6.483871	2.494203	11	5	2
H‰scher	3.625000	1.847349	4.758065	2.615750	5.870968	2.551013	16	7	2
Hass	3.142857	2.545440	7.406250	2.037106	7.887097	1.865167	12	4	1
Hast	3.843750	2.001735	5.539683	2.551568	7.412698	1.914587	11	4	1
Hauch	5.828125	1.723366	3.859375	2.287767	5.870968	2.837015	12	5	1
Haut	5.796875	1.393633	4.343750	2.495830	2.301587	1.747209	10	4	1
Hecke	5.093750	1.019162	2.412698	1.455079	1.790323	1.229915	14	5	2
Heft	5.000000	0.534523	1.786885	1.592846	1.587302	1.101830	11	4	1
Hefter	5.078125	0.571955	1.984127	1.699071	1.854839	1.353160	17	6	2
Hehler	3.365079	2.209230	5.281250	2.528999	5.016129	2.589335	16	6	2
Heil	5.523810	1.634873	4.790323	2.593416	7.435484	1.904447	12	4	1
Heilung	6.406250	2.090939	4.650794	2.572552	6.523810	2.507133	13	7	2
Heimat	5.857143	2.235037	5.671875	2.513801	7.693548	2.139317	9	6	2
Hektik	3.677419	2.223380	6.063492	2.206099	7.428571	1.989604	12	6	2
Held	6.578125	2.287334	5.765625	2.518139	5.612903	2.801375	10	4	1
Helfer	6.661290	2.475742	4.571429	2.600957	4.714286	2.696644	10	6	2
Hemd	5.125000	1.031258	2.587302	1.828404	1.661290	1.115370	12	4	1
Hengst	5.453125	1.413424	4.285714	2.445724	2.209677	1.784607	13	6	1
Henkel	4.890625	0.856667	1.885246	1.613468	1.580645	1.033035	11	6	2
Henker	2.968750	2.403495	6.587302	2.499257	3.333333	2.501612	13	6	2
Herkunft	5.444444	1.542702	2.843750	1.945436	6.516129	2.597237	10	8	2
Herpes	3.269841	2.496490	5.507937	2.663208	2.968254	2.184758	17	6	2
Herz	6.390625	2.112827	6.209677	2.477023	2.177419	1.868849	9	4	1
Hetze	3.349206	2.301183	6.142857	2.263719	7.241936	1.843780	14	5	2
Hilfe	5.737705	2.272309	4.656250	2.262312	6.761905	2.269818	8	5	2
Himmel	6.781250	2.393568	5.156250	2.431400	4.177419	2.989184	9	6	2
Hintern	5.841270	2.088419	6.718750	2.003717	2.031746	1.343662	13	7	2
Hobby	6.250000	1.984064	4.126984	2.750320	7.206349	1.705387	12	5	2
Hochzeit	6.476191	2.313057	5.234375	2.598792	4.048387	2.859711	11	8	2
Hocker	5.015625	0.453984	2.016129	1.541682	1.483871	0.824660	14	6	2
Hoden	4.875000	1.898203	5.873016	2.432920	1.322581	0.594350	15	5	2
Hoffnung	7.062500	2.724813	5.317460	2.367968	8.338710	1.172689	8	8	2
Hohn	3.634921	2.288129	4.562500	2.389627	7.746032	1.513043	13	4	1
Hˆlle	3.000000	2.710030	6.555556	2.421528	6.774194	2.601509	11	5	2
Holz	5.343750	1.311957	2.253968	1.822514	2.063492	1.584939	10	4	1
Honig	6.015625	2.178482	4.238095	2.512641	1.709677	1.359690	13	5	2
Horror	3.365079	2.629250	6.968750	2.145270	7.725807	1.590642	13	6	2
Hose	5.218750	1.030776	2.640625	2.095855	1.793651	1.597970	12	4	2
Hotel	5.453125	1.446723	3.258065	2.246567	2.338710	1.999537	9	5	2
H¸fte	5.828125	1.363407	4.253968	2.382519	1.984127	1.325824	13	5	2
Humor	6.857143	2.687229	6.125000	2.264285	7.854839	1.412436	11	5	2
Hure	3.555556	2.538591	6.609375	2.401172	4.222222	2.491563	13	4	2
Husten	3.953125	1.872353	4.156250	2.124825	4.206349	2.765914	14	6	2
Hut	5.390625	1.033060	2.344262	1.922544	1.444444	0.875800	11	3	1
H¸tte	5.281250	1.396921	2.492064	1.958217	1.698413	1.186414	11	5	2
Hymne	5.765625	1.941544	4.187500	2.435681	5.129032	2.748972	13	5	2
Idol	5.921875	1.793327	5.580645	2.206907	6.612903	2.438455	13	4	2
Import	5.109375	0.818772	2.322581	1.762768	5.952381	2.732295	12	6	2
Infarkt	3.109375	2.539324	6.885246	2.129932	4.571429	2.849529	15	7	2
Inhalt	5.140625	0.989904	2.131148	1.687952	6.571429	2.353544	10	6	2
Inzest	2.793651	2.476722	6.129032	2.300990	6.451613	2.702018	15	6	2
Inzucht	2.609375	2.658423	6.093750	2.635043	6.571429	2.631780	16	7	2
Irrer	3.444444	2.085107	6.140625	2.245752	5.793651	2.349734	17	5	2
Irrsinn	3.937500	1.934441	5.539683	2.354306	7.419355	1.815673	14	7	2
Jacke	4.906250	0.903586	2.096774	1.870475	1.500000	0.762868	12	5	2
Jammer	3.703125	2.187117	5.507937	2.131734	7.360656	2.033329	13	6	2
Jubel	5.838710	1.839401	5.460318	2.381551	6.081967	2.703671	11	5	2
Jugend	6.428571	2.182883	4.365079	2.378001	7.080645	2.234589	9	6	2
Junge	5.421875	1.832725	3.109375	2.168440	2.333333	1.778002	9	5	2
Juwel	6.174603	1.651389	4.359375	2.366212	1.951613	1.384071	14	5	2
Kabel	5.000000	0.642416	2.016129	1.815163	1.809524	1.389560	11	5	2
Kachel	5.140625	0.753135	2.387097	2.122130	2.145161	1.781938	17	6	2
Kacke	3.343750	2.495830	6.109375	2.588848	2.333333	1.875134	17	5	2
Kaff	3.746032	1.703585	4.349206	2.244411	4.573771	2.906653	15	4	1
Kamm	4.906250	0.971315	1.859375	1.582315	1.492064	1.090620	14	4	1
Kanne	5.062500	0.587570	1.800000	1.493489	1.492064	1.090620	15	5	2
Kante	4.968750	0.733955	1.950820	1.553772	2.698413	2.052810	14	5	2
Kappe	4.968750	0.665922	1.918033	1.625783	1.790323	1.243173	14	5	2
Kapsel	4.843750	1.026919	2.412698	1.906144	2.508197	1.971657	14	6	2
Karpfen	5.062500	1.110913	2.460318	1.683175	1.476191	0.913292	14	7	2
Karte	5.218750	0.765709	2.016129	1.654521	1.950820	1.488021	10	5	2
Karton	4.937500	0.663684	1.870968	1.408218	1.888889	1.192870	13	6	2
K‰se	5.671875	1.652845	3.532258	2.259535	1.444444	0.838158	12	4	2
Kasse	5.015625	0.999876	2.666667	1.959263	1.790323	1.427334	10	5	2
Kasten	4.812500	0.923675	2.000000	1.732051	1.873016	1.142889	11	6	2
Kelle	4.890625	0.892956	2.190476	1.794770	1.548387	1.154853	15	5	2
Keller	4.500000	1.727463	3.238095	2.380799	1.920635	1.347657	10	6	2
Kerker	3.250000	2.443001	6.380952	2.510806	2.634921	2.073657	14	6	2
Kern	5.062500	0.852168	2.365079	1.649062	2.213115	1.835890	10	4	1
Kessel	4.859375	0.888501	1.950000	1.267922	1.777778	1.237120	13	6	2
Ketzer	3.539683	2.421845	5.174603	2.727043	5.555556	2.595143	14	6	2
Kiesel	5.265625	0.781577	2.225807	1.832488	1.725807	1.133244	15	6	2
Kiffer	3.937500	2.322253	6.000000	2.449490	4.174603	2.479202	16	6	2
Killer	2.629032	2.771245	6.983871	2.130896	4.596774	2.512002	12	6	2
Kind	6.578125	2.136640	4.125000	2.478479	1.564516	0.916532	8	4	1
Kinn	5.234375	0.636014	2.612903	2.129841	1.539683	1.280441	13	4	1
Kippe	4.158730	1.977342	3.920635	2.404979	2.016129	1.541682	14	5	2
Kirsche	6.081967	2.092009	3.873016	2.379293	1.365079	0.702566	16	7	2
Kissen	5.609375	1.848356	3.656250	2.483078	1.682540	1.329873	13	6	2
Kitzel	5.890625	1.844057	5.453125	2.329450	6.435484	2.453642	15	6	2
Klage	3.687500	2.022689	5.078125	2.248842	6.190476	2.746594	10	5	2
Klammer	4.859375	0.870453	1.967742	1.792221	1.758065	1.339017	14	7	2
Kleidung	5.920635	1.639252	3.234375	2.265982	2.730159	2.149316	11	8	2
Klempner	4.859375	0.888501	2.311475	1.936844	2.704918	2.162901	15	8	2
Klima	5.156250	1.262635	3.587302	2.091727	6.190476	2.775801	10	5	2
Klingel	5.062500	1.219875	2.596774	2.003764	1.655738	1.046984	15	7	2
Klinik	4.375000	1.923126	3.253968	2.375739	2.096774	1.656677	10	6	2
Klinke	5.015625	0.701296	2.206349	1.627969	1.492064	0.780261	15	6	2
Klo	4.095238	1.766300	4.593750	2.441173	1.730159	1.472395	14	3	1
Klugheit	6.682540	2.347445	5.032258	2.515315	8.129032	1.408218	13	8	2
Knabe	5.390625	1.176721	2.793651	1.902110	2.460318	1.721078	12	5	2
Knast	3.193548	2.373617	5.841270	2.431025	2.285714	1.852884	12	5	1
Knie	5.031250	0.925284	2.828125	2.171640	1.746032	1.177316	11	4	1
Knopf	5.111111	0.698180	2.158730	1.850949	1.523810	0.997693	13	5	1
Knorpel	3.952381	1.430414	3.468750	2.356812	2.587302	1.906144	16	7	2
Knospe	6.203125	1.961371	3.875000	2.373799	1.741936	0.828498	16	6	2
Knoten	5.078125	1.145103	2.809524	2.101130	2.444444	1.864592	12	6	2
Kn¸ppel	4.125000	1.759329	5.730159	2.322446	2.193548	1.948843	14	7	2
Koks	3.174603	2.661189	6.343750	2.558638	2.380952	1.717355	14	4	1
Kokser	3.238095	2.582286	6.390625	2.447008	4.349206	2.541010	18	6	2
Kollaps	3.444444	2.434813	6.063492	2.500794	6.209677	2.631070	13	7	2
Koma	3.047619	2.497925	6.222222	2.549158	5.161290	2.915159	13	4	2
Komfort	5.984375	2.111888	4.343750	2.405145	7.936508	1.330450	12	7	2
Komik	6.634921	2.134974	5.301587	2.556680	7.032258	2.325678	12	5	2
Kompass	5.296875	1.093700	2.338710	1.707683	1.793651	1.404586	15	7	2
Kondom	5.656250	1.555520	5.822581	2.322549	1.274194	0.577427	14	6	2
Konfekt	5.765625	1.725092	2.603175	1.905338	2.274194	1.600915	17	7	2
Kontext	5.063492	0.759308	2.238095	1.932025	6.790323	2.483632	12	7	2
Korb	5.265625	1.300088	2.333333	1.768907	1.661290	1.200322	12	4	1
Korken	5.328125	1.099129	2.984127	2.082896	1.460318	1.119121	15	6	2
Korn	5.093750	0.954833	2.859375	2.038263	1.919355	1.271354	13	4	1
Kˆrper	6.161290	1.729148	5.177419	2.486186	2.016129	1.520267	9	6	2
Kot	2.968750	2.429767	5.968254	2.590107	2.317460	1.847626	14	3	1
Kˆter	3.539683	2.146455	4.750000	2.494438	3.209677	2.436990	16	5	2
Kotze	2.825397	2.636834	6.419355	2.329767	1.952381	1.507279	18	5	2
Krach	3.921875	2.191649	5.562500	2.315407	6.274194	2.674527	12	5	1
Kraft	6.578125	2.328599	5.625000	2.591194	6.730159	2.417719	8	5	1
Krake	4.500000	1.623244	4.936508	2.551869	1.666667	1.295152	16	5	2
Kralle	4.062500	1.707825	3.984375	2.264230	2.079365	1.753352	16	6	2
Krampf	3.703125	2.113296	5.718750	2.250000	4.274194	2.692852	15	6	1
Kran	4.843750	0.622814	2.064516	1.545708	1.444444	1.059181	13	4	1
Kr‰tze	3.269841	2.363747	5.841270	2.215825	4.777778	2.761746	17	6	2
Kr‰uter	5.596774	1.530667	3.483871	2.295698	2.241936	1.807865	14	7	2
Krebs	3.682540	2.668970	5.656250	2.829655	4.000000	2.930898	11	5	1
Kreide	5.046875	0.764898	2.218750	1.588338	1.451613	0.761307	13	6	2
Kreis	5.265625	1.101834	2.213115	1.684387	2.451613	2.230029	9	5	1
Krieg	2.516129	2.929454	7.258065	2.157226	5.580645	2.928371	8	5	1
Krise	3.609375	2.306768	5.890625	2.463171	6.758065	2.474032	9	5	2
Kristall	6.140625	1.807104	4.444444	2.532230	2.000000	1.525736	14	8	2
Kr¸cke	3.906250	1.678234	3.047619	1.921261	1.870968	1.234529	15	6	2
Krug	5.203125	0.694187	2.225807	1.850293	1.539683	0.876676	12	4	1
Kr¸ppel	3.412698	2.099423	5.571429	2.374015	3.888889	2.508766	15	7	2
Kuchen	6.079365	2.034395	3.578125	2.202486	1.666667	1.231312	12	6	2
Kuh	5.265625	1.275436	2.838710	2.136287	1.444444	0.980089	12	3	1
Kuhle	4.843750	0.946485	2.442623	1.884362	3.158730	2.377355	17	5	2
K¸hnheit	5.774194	1.859132	4.888889	2.103079	7.564516	1.852079	14	8	2
K¸ken	6.063492	1.865415	3.812500	2.635984	1.645161	0.888852	14	5	2
Kummer	3.296875	2.517745	5.109375	2.351070	7.920635	1.649062	12	6	2
Kunde	5.281250	1.046062	2.483871	1.771745	3.825397	2.738847	10	5	2
Kunst	6.317460	2.022657	4.761905	2.447608	7.516129	2.208344	8	5	1
Kuppel	5.015625	1.374278	2.539683	1.873632	2.222222	1.808978	13	6	2
Kuppler	4.781250	1.803601	3.682540	2.093195	5.161290	2.625184	17	7	2
Kurs	5.078125	1.058671	2.507937	1.821671	5.129032	2.725014	9	4	1
Kurve	5.453125	1.068001	3.238095	2.325970	3.492064	2.558181	12	5	2
Kuss	7.171875	2.797701	7.790323	1.874218	3.031746	2.362122	14	4	1
L‰cheln	6.953125	2.522469	6.730159	2.356914	5.396825	2.618419	10	7	2
Lachen	7.125000	2.786020	6.238095	2.531825	5.015873	2.785284	11	6	2
Laden	5.218750	0.999504	2.269841	1.638315	2.047619	1.590583	10	5	2
Ladung	4.921875	0.996895	2.661290	2.164873	3.714286	2.549058	12	6	2
Lager	5.171875	1.189300	2.338710	2.032067	3.096774	2.434113	9	5	2
Lampe	5.365079	0.972220	2.274194	1.917729	1.285714	0.633184	12	5	2
Laub	5.453125	1.379322	2.222222	1.800040	1.857143	1.366148	13	4	1
L‰ufer	5.515625	1.083677	3.317460	2.526156	3.387097	2.411413	12	6	2
Leder	5.265625	1.405682	2.984127	2.121260	2.096774	1.715022	12	5	2
Lehre	5.571429	1.200998	2.968750	2.054563	5.967742	2.679416	10	5	2
Lehrer	5.156250	1.449891	3.468750	2.487867	2.403226	1.970767	9	6	2
Leiche	3.032258	2.799108	7.187500	2.099698	2.301587	2.029102	10	6	2
Leichnam	2.903226	2.578026	6.703125	2.368307	2.333333	1.951013	13	8	2
Leid	3.000000	2.546345	6.064516	2.366924	7.951613	1.721869	11	4	1
Leistung	6.000000	2.123190	4.671875	2.357391	7.065574	2.031985	9	8	2
Leiter	4.953125	0.764898	2.112903	1.709231	1.571429	1.444838	9	6	2
Lepra	2.774194	2.458971	6.093750	2.610837	4.079365	2.671846	16	5	2
Lesbe	5.015625	1.713552	5.953125	2.353179	4.142857	2.693224	16	5	2
Lesung	5.609375	1.518324	2.806452	1.940413	5.253968	2.552470	11	6	2
Licht	6.333333	2.271847	3.875000	2.214670	4.222222	3.039760	9	5	1
Liebchen	6.206349	1.667127	5.093750	2.334821	6.428571	2.029733	16	8	2
Liebe	7.206349	2.789142	7.516129	1.905488	8.225807	1.778002	8	5	2
Liebling	6.793651	2.148959	6.241936	2.093593	5.841270	2.397622	12	8	2
Liebster	6.758065	2.454073	6.000000	2.253745	5.714286	2.344717	15	8	2
Lied	6.225807	2.335888	4.666667	2.565277	4.444444	2.821449	10	4	1
Lilie	6.193548	1.800170	4.218750	2.291937	1.661290	1.172689	15	5	2
List	4.593750	1.639965	4.444444	2.544937	6.904762	2.346681	12	4	1
Lizenz	5.187500	1.005935	2.274194	1.728919	5.380952	2.784917	11	6	2
Lob	6.258065	2.141973	5.437500	2.342668	6.816667	2.354165	11	3	1
Locke	5.746032	1.402397	3.460318	2.454919	1.777778	1.128008	15	5	2
Lockung	5.453125	1.207512	4.241936	2.440676	6.968254	2.221364	17	7	2
Lˆffel	5.140625	0.852023	1.935484	1.353453	1.301587	0.557498	13	6	2
Lohn	6.306452	2.551687	3.890625	2.190290	4.920635	2.737444	10	4	1
L¸cke	4.761905	1.073347	2.777778	1.971118	4.333333	2.799770	11	5	2
Luder	4.484375	2.429921	6.234375	2.052812	5.682540	2.448340	15	5	2
L¸ge	3.578125	2.245310	6.887097	2.049429	7.442623	2.276874	11	4	2
L¸gner	3.515625	2.323054	6.774194	1.919865	6.209677	2.403120	13	6	2
Lumpen	3.578125	1.815320	4.171875	2.542057	3.269841	2.156807	14	6	2
Lunge	5.250000	1.501322	3.507937	2.078096	1.888889	1.392504	13	5	2
Lust	6.403226	2.052265	6.857143	2.368184	7.809524	1.821530	9	4	1
L¸stling	4.671875	2.167983	7.047619	1.852884	5.428571	2.563480	18	8	2
Luxus	6.206349	2.156451	5.317460	2.421845	6.967742	2.648648	11	5	2
Macke	4.484375	1.661823	5.046875	2.148678	6.467742	2.634685	15	5	2
Made	3.671875	2.204287	4.734375	2.589614	2.095238	1.662822	15	4	2
Magen	4.828125	1.000868	3.140625	2.280819	2.031746	1.596046	12	5	2
Magie	6.126984	2.128850	6.031250	2.606273	7.612903	2.019210	13	5	2
Maid	5.859375	1.510463	3.750000	2.390457	3.587302	2.325420	16	4	1
Mais	5.437500	1.258306	2.322581	1.956697	1.467742	0.824179	13	4	1
Maler	5.857143	1.255403	3.650794	2.215479	3.492064	2.448654	10	5	2
Mama	6.333333	2.429656	6.171875	2.250606	3.222222	2.660611	11	4	2
Manie	4.171875	2.035827	4.539683	2.513354	8.112903	1.483293	16	5	2
Mantel	5.250000	1.038925	2.365079	1.816604	1.693548	1.421021	11	6	2
M‰rchen	6.281250	2.058423	3.875000	2.185813	5.677419	2.708664	11	7	2
Markt	5.412698	1.455079	2.650794	1.850534	3.317460	2.291819	8	5	1
Masseur	6.190476	1.916458	6.349206	2.363422	3.412698	2.492796	14	7	2
Mast	4.734375	1.503881	2.516129	2.006072	2.774194	2.438888	14	4	1
Maul	3.953125	1.880811	4.730159	2.695315	2.714286	1.887382	12	4	1
Meer	6.451613	2.413605	5.428571	2.716225	2.253968	2.078835	10	4	1
Mehl	5.015625	0.629744	1.790323	1.670742	1.492064	1.203128	13	4	1
Memme	3.796875	1.961371	5.593750	2.293668	5.698413	2.427231	17	5	2
Men¸	5.666667	1.295152	3.274194	2.368989	4.746032	2.799587	13	4	2
Metall	5.109375	1.114368	2.250000	1.790628	2.306452	1.675168	12	6	2
Mief	3.718750	2.003717	5.046875	2.332855	6.666667	2.300070	15	4	1
Milben	3.718750	2.134142	4.031250	2.468653	2.158730	1.557566	16	6	2
Milde	5.841270	1.628440	4.112903	2.396068	7.460318	1.932952	13	5	2
Mist	3.734375	1.819142	5.349206	2.272974	3.032258	2.187653	13	4	1
Mitte	5.095238	0.962428	2.682540	2.046440	5.725807	2.643702	8	5	2
Moder	3.671875	2.116111	4.265625	2.533848	5.295082	2.812735	16	5	2
Modul	4.984375	0.766194	2.380952	1.937978	5.322581	2.918422	14	5	2
Moment	5.476191	1.268186	3.523810	2.422057	7.354839	2.450137	10	6	2
Monat	5.238095	0.962428	2.129032	1.624443	5.492064	2.928575	9	5	2
Monster	3.857143	2.340783	5.952381	2.439121	4.952381	2.690656	12	7	2
Monteur	4.765625	0.791667	2.492064	2.015048	3.333333	2.495157	15	7	2
Morast	3.734375	1.937452	4.406250	2.511679	3.888889	2.634211	15	6	2
Mord	2.516129	2.867237	7.063492	2.577026	5.333333	3.192734	10	4	1
Mˆrder	2.774194	2.760490	6.906250	2.635043	4.677419	2.756656	10	6	2
Moschus	5.250000	1.790628	3.687500	2.409472	3.730159	2.653095	17	7	2
Mˆse	4.365079	2.497105	6.841270	2.541313	2.573771	1.927512	18	4	2
M¸hle	5.218750	0.999504	2.344262	1.824694	1.532258	0.918262	12	5	2
M¸ll	3.718750	2.104181	4.555556	2.305518	2.793651	1.935731	11	4	1
Mund	5.765625	1.823499	4.129032	2.512160	1.444444	0.946603	10	4	1
M¸nze	5.460318	1.242077	2.838710	2.073988	1.380952	0.633184	13	5	2
Murmel	5.285714	1.262723	2.301587	1.632680	2.095238	1.881268	17	6	2
Muschi	4.920635	2.238242	6.609375	2.251047	2.333333	1.665591	18	6	2
Musik	6.703125	2.646829	6.129032	2.371165	5.396825	2.997524	8	5	2
Muskel	5.761905	1.410951	4.634921	2.665803	2.048387	1.603556	14	6	2
Mut	6.265625	2.205636	5.746032	2.455857	7.435484	2.207446	10	3	1
Mutant	4.375000	1.972027	4.333333	2.341767	4.873016	2.708958	18	6	2
M¸tze	5.338710	0.922284	2.209677	1.590310	1.508197	1.042800	12	5	2
Mystik	5.730159	1.638315	4.906250	2.361858	7.887097	1.865167	14	6	2
Mythen	5.859375	1.467826	4.875000	2.193063	7.919355	1.632642	12	6	2
Nacken	5.843750	1.673498	4.031746	2.389279	1.587302	1.026031	12	6	2
Nadel	4.718750	1.090635	4.015625	2.439699	1.476191	0.858678	13	5	2
N‰he	6.328125	2.108597	5.828125	2.394138	6.838710	2.204270	9	4	2
Name	5.390625	1.364135	2.854839	2.110448	5.854839	3.077399	9	4	2
Narbe	3.703125	1.997456	4.920635	2.391528	2.111111	1.656961	14	5	2
Nase	5.187500	0.870596	3.125000	2.134375	1.483871	1.112403	10	4	2
Natter	4.234375	1.933351	4.015873	2.239615	1.587302	1.172740	16	6	2
Nazi	2.580645	2.784903	7.796875	2.040695	3.919355	2.806891	14	4	2
Neid	3.492064	2.481369	5.857143	2.108792	8.096774	1.314605	12	4	1
Nektar	5.777778	1.441823	3.296875	2.179848	2.951613	2.183601	16	6	2
Nigger	2.873016	2.648749	7.253968	2.192129	4.467742	2.732427	15	6	2
Nippel	5.603175	2.275676	6.571429	2.138090	1.887097	1.344141	18	6	2
Not	3.562500	2.308542	5.666667	2.663977	7.365079	1.928576	10	3	1
Notar	4.746032	1.256830	2.500000	2.054583	3.777778	2.773402	13	5	2
Notiz	5.015625	0.983873	2.492064	1.916592	4.015873	2.580898	13	5	2
Nutte	3.476191	2.595636	6.539683	2.347445	4.000000	2.540003	16	5	2
Nutzen	5.301587	1.303035	2.671875	1.799953	6.709677	2.458756	11	6	2
Obdach	5.250000	1.727463	3.437500	2.084524	4.338710	2.521667	15	6	2
Obhut	5.703125	1.677864	3.421875	2.014272	5.952381	2.471963	13	5	2
Ofen	5.171875	1.538446	3.532258	2.365862	1.532258	0.843835	12	4	2
Opfer	3.000000	2.469165	6.428571	2.298066	4.968254	2.614897	8	5	2
Ordner	5.171875	1.032099	2.196721	1.777823	2.380952	2.330918	13	6	2
Ordnung	5.625000	1.768328	3.484375	2.160190	6.241936	2.615750	10	7	2
Organ	5.062500	1.446122	3.983607	2.179387	2.301587	1.592674	12	5	2
Orgie	5.126984	1.879362	7.112903	2.150904	5.031746	2.627204	15	5	2
Paar	6.492064	2.256696	5.095238	2.374015	4.174603	2.768135	10	4	1
Paarung	6.096774	1.375544	5.936508	2.347772	5.587302	2.721687	15	7	2
Packung	4.953125	0.602368	2.203125	1.756437	2.111111	1.685910	14	7	2
Paddel	5.515625	1.023412	2.131148	1.596615	1.539683	1.242077	17	6	2
Paket	5.484375	1.297032	2.650794	2.056922	1.838710	1.427982	11	5	2
Palast	5.777778	1.987416	4.274194	2.548991	2.419355	2.108129	11	6	2
Panik	3.015873	2.399543	6.650794	2.390564	7.758065	1.585648	11	5	2
Papier	5.343750	0.801165	2.387097	1.876121	1.655738	0.854113	9	6	2
Parf¸m	6.380952	2.202847	4.952381	2.310066	2.774194	2.228131	14	6	2
Party	6.460318	2.487552	6.062500	2.273903	4.746032	2.657723	11	5	2
Pech	3.609375	2.135246	5.015873	2.338266	7.290323	2.511528	11	4	1
Pein	3.444444	2.421528	5.761905	2.353544	7.887097	1.548186	14	4	1
Pendel	4.968750	1.083333	3.111111	2.032884	1.857143	1.412583	15	6	2
Penis	5.095238	1.811382	7.142857	2.077973	1.317460	0.643213	14	5	2
Penner	3.609375	2.286032	6.047619	2.253518	4.285714	2.549058	14	6	2
Perle	6.380952	2.260663	5.190476	2.468231	2.032258	1.783051	13	5	2
Pest	2.904762	2.860827	6.841270	2.171712	4.612903	2.932882	13	4	1
Petze	3.453125	2.302033	5.126984	2.504783	6.419355	2.287159	18	5	2
Pfanne	5.000000	1.007905	2.258065	1.801052	1.253968	0.594823	14	6	2
Pflege	5.873016	1.827144	3.888889	2.222401	6.516129	2.420825	11	6	2
Pfusch	3.222222	2.405937	5.578125	2.328599	6.403226	2.336171	15	6	1
Phase	5.015625	0.934221	2.193548	1.772640	6.714286	2.458878	10	5	2
Phobie	3.412698	2.460232	6.156250	2.365216	8.000000	1.471032	17	6	2
Pickel	3.140625	2.266857	5.796875	2.619704	1.904762	1.117519	15	6	2
Picknick	6.258065	2.209781	4.671875	2.268170	3.301587	2.387028	14	8	2
Pimmel	4.063492	2.184055	7.109375	1.968943	1.822581	1.408687	18	6	2
Pisse	3.190476	2.558081	6.885246	2.608310	2.269841	1.667588	18	5	2
Pizza	6.380952	1.799898	4.625000	2.472066	1.650794	1.493629	13	5	2
Plage	3.714286	2.113158	4.578125	2.593060	6.387097	2.588467	14	5	2
Plakat	5.142857	0.877260	2.444444	1.924191	2.444444	2.190727	12	6	2
Plane	5.063492	0.948224	2.193548	1.677613	2.253968	1.822514	14	5	2
Platte	5.109375	0.856667	2.360656	1.844205	2.354839	1.670347	11	6	2
Pleite	3.476191	2.333882	5.078125	2.470812	6.080645	2.777535	11	6	2
Pˆbel	3.555556	2.108185	5.265625	2.064378	5.112903	2.704610	15	5	2
Pocken	3.111111	2.443630	4.333333	2.590305	3.241936	2.337755	15	6	2
Poet	6.142857	2.227809	4.843750	2.262312	5.095238	2.394310	13	4	2
Polyp	4.269841	1.686821	3.031746	2.047566	3.174603	2.275676	18	5	2
Popel	4.015625	1.838669	5.539683	2.319798	1.967742	1.819455	18	5	2
Popo	5.765625	1.779443	6.000000	2.323107	1.746032	1.092028	17	4	2
Porno	4.730159	2.560282	7.079365	2.172419	3.460318	2.650778	15	5	2
Pracht	6.147541	2.039903	3.781250	2.235846	6.467742	2.584428	12	6	1
Pr‰mie	5.920635	2.065864	4.109375	2.594972	5.158730	2.671271	12	6	2
Pr‰rie	5.453125	1.542310	2.741936	2.056063	4.145161	2.918830	15	6	2
Produkt	5.140625	0.870453	2.253968	1.645799	4.380952	2.942616	10	7	2
Profi	6.015625	1.914790	3.796875	2.282992	5.920635	2.404979	11	5	2
Profit	5.046875	2.096329	3.984375	2.535414	6.467742	2.434168	12	6	2
Prospekt	5.031746	0.739840	2.258065	1.782754	3.031746	2.341548	13	8	2
Pr¸gel	3.171875	2.193458	6.333333	2.362339	5.047619	2.690656	13	6	2
Puff	3.793651	2.609899	6.312500	2.315407	3.412698	2.575536	15	4	1
Pups	3.873016	2.439540	5.158730	2.528587	3.838710	2.650045	18	4	1
Pussy	4.968750	2.462215	6.682540	2.270607	3.825397	2.691322	17	5	2
Quadrat	5.156250	0.478714	2.147541	2.080353	3.161290	2.662389	14	7	2
Qual	3.290323	2.694178	5.730159	2.665226	7.435484	2.021369	13	4	1
Quartier	5.015625	0.934221	2.349206	1.705387	4.253968	2.822538	12	8	2
Rache	3.587302	2.387028	6.984127	2.253972	7.548387	2.085684	11	5	2
R‰cher	3.825397	2.098692	5.841270	2.404340	6.081967	2.465056	14	6	2
Rampe	4.656250	1.347764	2.354839	1.699535	2.467742	1.676430	13	5	2
Raps	5.238095	1.146021	2.491803	1.831420	2.322581	2.014490	14	4	1
Rasen	5.531250	1.379772	2.540984	1.648977	2.222222	2.097959	11	5	2
Rassist	2.634921	2.665803	7.484375	2.225339	5.338710	2.751712	15	7	2
Rasur	5.531250	1.500992	4.234375	2.555680	3.603175	2.511520	17	5	2
Ratte	4.031250	2.130420	5.098361	2.501366	1.295082	0.666940	14	5	2
Raub	3.171875	2.573088	5.796875	2.476427	5.333333	2.700060	12	4	1
R‰uber	3.555556	2.441429	5.671875	2.343886	3.444444	2.277363	11	6	2
Rechner	5.328125	1.414827	2.596774	2.161206	2.222222	1.708087	11	7	2
Regal	4.984375	0.487696	1.934426	1.641837	1.492064	1.075730	13	5	2
Reichtum	6.000000	2.132695	4.904762	2.460752	6.774194	2.524758	11	8	2
Reife	5.859375	1.909601	4.555556	2.480750	7.451613	1.964250	13	5	2
Reifung	6.080645	1.560773	3.468750	2.189214	7.741936	1.745584	16	7	2
Reise	6.548387	2.427151	5.596774	2.595454	5.523810	2.576927	9	5	2
Reiz	6.047619	1.790914	5.906250	2.244703	7.290323	2.168229	11	4	1
Rekord	6.109375	2.000930	4.250000	2.690371	6.193548	2.774821	11	6	2
Reptil	4.750000	1.414214	3.640625	2.228012	2.241936	1.585648	16	6	2
Ressort	5.250000	0.925820	2.196721	1.720656	5.645161	2.931439	10	7	2
Retter	6.396825	2.268577	5.142857	2.583179	4.650794	2.502636	12	6	2
Rettung	6.234375	2.060530	5.619048	2.497925	6.500000	2.447816	10	7	2
Riegel	4.984375	1.147699	2.387097	1.858563	2.301587	1.810676	13	6	2
Rˆhre	4.640625	1.103633	2.562500	2.014826	2.793651	2.208187	13	5	2
Roman	5.492064	1.924989	3.698413	2.076248	3.322581	2.714709	9	5	2
Rose	6.403226	2.176323	4.781250	2.528999	1.349206	0.626272	12	4	2
Rotz	3.531250	2.260557	5.265625	2.331579	3.741936	2.810609	17	4	1
Ruder	5.359375	1.089156	2.409836	1.935433	1.507937	1.029767	13	5	2
Ruhe	6.468750	2.189214	3.906250	2.561738	7.629032	1.960544	9	4	2
Ruhm	6.238095	2.234006	5.203125	2.437665	8.193548	1.291063	11	4	1
R¸hrung	5.937500	2.099698	5.578125	2.402411	7.306452	2.037265	13	7	2
Ruin	3.095238	2.674336	5.031746	2.602531	6.870968	2.357297	13	4	2
R¸lpser	3.843750	1.895850	5.843750	2.418308	4.338710	2.958420	18	7	2
R¸pel	3.859375	1.892904	4.984375	2.243100	5.253968	2.663785	16	5	2
Saal	5.171875	0.918154	2.603175	2.090992	2.428571	2.005752	10	4	1
Sadist	3.174603	2.492179	6.703125	1.908042	5.786885	2.751453	17	6	2
Sahne	5.968750	1.763553	3.562500	2.474473	1.725807	1.230345	14	5	2
Salbung	5.328125	1.533278	3.953125	2.602988	5.857143	2.798947	17	7	2
Sammler	5.328125	1.285508	2.571429	1.738690	4.492064	2.583278	11	7	2
Sand	6.333333	1.892259	3.234375	2.518139	1.984127	1.835950	10	4	1
S‰nger	6.253968	2.094295	4.412698	2.359845	3.096774	2.117141	10	6	2
Saphir	5.934426	1.948237	4.238095	2.421105	2.269841	2.009705	17	6	2
Sarg	3.612903	2.657219	6.031250	2.594064	1.774194	1.151184	12	4	1
Satan	3.507937	2.651068	6.562500	2.382975	6.145161	2.968947	13	5	2
Satin	6.016129	1.824172	4.437500	2.487269	2.603175	2.159299	16	5	2
Satz	5.156250	0.739342	2.080645	1.767636	4.935484	3.018364	9	4	1
Sau	3.682540	1.776417	6.421875	2.216852	1.596774	1.273432	13	3	1
S‰ufer	3.312500	2.468050	6.578125	2.266419	4.206349	2.634503	15	6	2
S‰ule	5.250000	1.007905	2.396825	1.947204	2.015873	1.679978	12	5	2
Sauna	6.158730	1.868295	5.714286	2.372073	2.031746	1.513043	12	5	2
Schabe	3.619048	1.962787	4.156250	2.583333	1.822581	1.016651	18	6	2
Schaf	5.375000	1.133893	2.666667	2.032002	1.412698	0.815869	13	5	1
Schal	5.203125	1.544881	2.507937	1.990891	1.634921	1.248245	13	5	1
Schale	5.158730	0.936816	2.672131	1.989316	1.854839	1.597609	13	6	2
Schalk	5.093750	1.508902	3.796875	2.139424	6.435484	2.379013	15	6	1
Schalter	5.015625	0.723576	1.868853	1.596615	1.968254	1.523666	13	8	2
Schande	3.523810	2.374985	5.390625	2.320490	7.096774	2.526643	12	7	2
Schatz	6.629032	2.536513	5.531250	2.563286	4.634921	2.908839	12	6	1
Schaufel	4.984375	0.629744	2.403226	1.683670	1.507937	1.189646	14	8	2
Schaum	5.634921	1.462450	3.703125	2.440919	2.285714	1.630640	14	6	1
Scheide	5.359375	1.820232	6.968254	1.777714	1.790323	1.392452	15	7	2
Scheisse	3.396825	2.426598	6.250000	2.636737	3.000000	2.268819	13	8	2
Schema	4.984375	1.031137	2.065574	2.023766	6.516129	2.590917	13	6	2
Schenkel	5.984375	1.374278	5.396825	2.599874	1.920635	1.298903	14	8	2
Schere	4.984375	0.723576	2.209677	1.579968	1.317460	1.089916	13	6	2
Scherz	6.380952	2.210157	5.015625	2.104358	6.596774	2.183843	12	6	1
Scheusal	2.984127	2.679023	5.809524	2.415389	6.854839	2.253207	16	8	2
Schiene	4.875000	1.015749	2.459016	2.094228	2.064516	1.998942	12	7	2
Schiff	5.453125	1.457653	2.854839	1.973985	1.492064	0.913572	10	6	1
Schilf	5.349206	1.233389	2.587302	1.980835	1.564516	1.018211	14	6	1
Schimmel	3.587302	2.562980	4.281250	2.278044	3.032258	2.217425	13	8	2
Schinken	5.359375	1.703099	3.539683	2.270607	1.349206	0.743981	13	8	2
Schirm	5.250000	0.992032	2.333333	1.934408	1.500000	1.020286	13	6	1
Schiss	3.428571	2.248399	5.809524	2.551768	6.333333	2.805525	18	6	1
Schlacht	3.625000	2.089277	6.539683	2.374769	5.193548	2.660203	11	8	1
Schlaf	6.619048	2.497925	4.875000	2.400397	4.539683	2.833130	11	6	1
Schl‰ger	3.109375	2.289501	6.587302	2.297509	3.888889	2.521591	12	8	2
Schlampe	3.523810	2.435339	6.920635	1.903321	4.603175	2.727043	16	8	2
Schlaufe	4.937500	0.923675	2.444444	2.077357	2.500000	1.914141	17	8	2
Schleim	3.666667	2.257604	5.500000	2.794553	2.580645	1.937959	15	7	1
Schlips	5.015625	0.806564	2.888889	2.342532	1.746032	1.413852	14	7	1
Schlund	4.000000	1.840407	4.714286	2.458878	4.206349	2.591293	15	7	1
Schmaus	5.873016	1.717951	5.031250	2.538396	4.619048	2.599185	16	7	1
Schmerz	3.546875	2.455507	6.539683	2.138928	7.338710	2.304262	11	7	1
Schmuck	6.000000	1.745743	3.857143	2.313057	2.145161	1.566523	11	7	1
Schmutz	3.650794	2.009323	4.328125	2.254130	3.507937	2.428812	13	7	1
Schnauze	3.650794	2.148959	5.317460	2.454919	3.238095	2.480337	14	8	2
Schnee	5.951613	2.091571	3.984127	2.399543	1.580645	1.194913	10	6	1
Schnitt	5.109375	0.993905	2.952381	1.987287	3.952381	2.399117	10	7	1
Schnˆsel	3.468750	2.260557	4.859375	2.422561	5.873016	2.439540	16	8	2
Schnur	4.906250	0.683566	2.145161	1.667891	1.790323	1.202962	13	6	1
Schock	3.593750	2.209063	6.933333	2.032504	7.225807	1.936867	11	6	1
Schrank	5.015625	0.487696	2.229508	1.994939	1.317460	0.643213	12	7	1
Schreck	3.906250	2.272812	5.730159	2.528587	7.555556	1.682718	13	7	1
Schrei	3.761905	2.069083	6.682540	1.907755	5.548387	2.820751	12	6	1
Schrift	5.375000	1.676163	2.746032	2.094295	4.396825	3.018971	11	7	1
Schuft	3.796875	1.961371	4.951613	2.537763	5.387097	2.700060	15	6	1
Schuh	5.375000	1.558387	2.734375	2.169355	1.317460	0.779276	12	5	1
Schuld	3.793651	2.163918	5.500000	2.138090	7.677419	2.117640	9	6	1
Schulden	3.156250	2.437920	4.968254	2.468957	5.746032	2.633336	10	8	2
Schulter	5.281250	1.240440	2.984375	2.134317	1.516129	0.804535	11	8	2
Schurke	3.796875	2.276029	4.968254	2.382519	5.000000	2.608918	15	7	2
Sch¸ssel	5.187500	0.906327	1.951613	1.273017	1.269841	0.601245	12	8	2
Schutz	6.111111	2.064376	4.218750	2.346688	7.225807	2.153300	9	6	1
Schwamm	5.031746	1.031258	2.400000	2.140806	1.761905	1.227564	14	7	1
Schwanz	4.396825	1.996284	6.587302	2.339251	1.920635	1.440224	13	7	1
Schwarm	6.354839	1.967746	5.396825	2.618419	5.564516	2.877960	14	7	1
Schweiss	3.906250	2.158179	5.453125	2.487618	3.096774	2.295467	12	7	1
Schwinge	4.953125	0.998883	2.571429	1.881268	4.580645	2.939546	16	8	2
Schwuler	4.781250	1.704045	5.793651	2.308181	4.428571	2.525447	16	8	2
Schwung	5.781250	1.558069	4.419355	2.315652	6.396825	2.399864	11	7	1
Schwur	5.671875	1.604109	4.406250	2.258801	7.048387	2.183601	13	6	1
Seele	6.349206	2.280059	5.725807	2.561822	8.209677	1.670742	9	5	2
Segen	5.984127	1.913383	3.890625	2.310206	7.370968	2.105682	11	5	2
Segnung	5.809524	2.161669	3.796875	2.476427	7.435484	2.013243	16	7	2
Seide	5.921875	1.845670	3.718750	2.353442	2.483871	2.200908	13	5	2
Seil	4.984375	0.806564	2.677419	1.888483	1.476191	1.229439	13	4	1
Sekt	5.634921	1.798759	4.774194	2.607803	2.032787	1.622418	12	4	1
Selters	5.171875	1.397897	2.333333	1.741338	2.193548	1.854005	16	7	2
Sender	5.093750	0.938062	2.444444	1.847210	4.253968	2.705838	9	6	2
Sendung	5.296875	0.902900	2.725807	1.934750	4.936508	2.570760	10	7	2
Sequenz	5.078125	0.762300	2.000000	1.755553	6.145161	2.850636	14	7	2
Seuche	3.047619	2.779119	6.921875	2.184394	6.333333	2.423008	13	6	2
Sex	6.920635	2.516408	7.921875	1.862791	4.539683	2.872705	10	3	1
Sieb	5.203125	1.056795	2.032258	1.688609	1.645161	1.188701	15	4	1
Sieg	6.580645	2.627399	6.000000	2.501612	6.126984	2.720840	8	4	1
Siegel	5.250000	1.007905	2.539683	1.966046	2.870968	2.350332	13	6	2
Sieger	6.625000	2.373799	5.625000	2.842422	4.758065	2.990068	10	6	2
Silbe	4.968254	0.671259	2.109375	1.878172	5.225807	2.893856	14	5	2
Sitz	5.171875	0.655978	2.460318	1.882221	2.435484	1.947011	10	4	1
Ski	5.587302	1.756416	3.296875	2.498760	1.968254	1.635969	12	3	1
Sklave	3.375000	2.400397	6.000000	2.423008	3.682540	2.474550	14	6	2
Slalom	5.225807	1.259968	2.532258	1.870546	4.111111	2.553373	13	6	2
Sockel	5.062500	0.870596	2.222222	1.726870	2.158730	1.427906	13	6	2
Sohle	4.921875	0.802866	1.967742	1.639350	1.951613	1.519571	14	5	2
Soja	5.234375	1.400025	2.796875	2.219536	2.873016	2.181240	14	4	2
Sommer	6.984127	2.679023	5.812500	2.587362	5.258065	2.952829	9	6	2
Sonne	6.796875	2.613638	5.531250	2.742776	2.539683	2.305851	9	5	2
Sorte	5.125000	0.766356	2.095238	1.455959	6.754098	2.453947	12	5	2
Spalte	5.078125	1.185959	4.016393	2.519866	2.920635	2.142516	14	6	2
Spange	4.765625	1.342140	3.000000	2.138090	1.698413	1.057003	16	6	2
Spanner	3.206349	2.363422	6.317460	1.856335	4.983871	2.760921	16	7	2
Spass	7.296875	2.717841	6.468750	2.383600	7.444444	1.957432	16	5	1
Speichel	4.703125	1.570357	5.079365	2.223783	2.047619	1.452790	15	8	2
Speicher	5.156250	0.894760	2.593750	2.230515	4.047619	2.738192	13	8	2
Spektrum	5.250000	0.872872	2.483871	1.948029	6.467742	2.720401	11	8	2
Spende	6.145161	1.772715	3.825397	2.372828	5.365079	2.713774	12	6	2
Sperma	4.968750	1.542712	6.548387	1.947486	1.857143	1.479507	15	6	2
Spiegel	5.453125	1.562758	3.301587	2.380261	1.428571	0.688952	9	7	2
Spinner	3.765625	1.949702	5.046875	2.305478	5.564516	2.545462	14	7	2
Spion	3.921875	2.026058	5.774194	2.293393	4.301587	2.814908	13	5	2
Spitzel	3.666667	2.243270	5.406250	2.479879	4.682540	2.526156	14	7	2
Spott	3.750000	2.174893	4.875000	2.089277	7.015873	2.082896	12	5	1
Sprache	5.629032	1.875064	3.218750	2.104181	6.612903	2.681783	8	7	2
Spritze	3.921875	2.041667	5.112903	2.430036	1.634921	1.428981	13	7	2
Spucke	4.234375	1.601013	4.781250	2.291937	2.047619	1.474827	16	6	2
Stachel	4.476191	1.564290	4.062500	2.409472	1.873016	1.224640	14	7	2
Stahl	4.984127	0.706926	2.359375	1.905441	2.129032	1.806036	11	5	1
Stamm	5.078125	0.625000	2.258065	1.889882	1.920635	1.649062	12	5	1
Stapel	4.968750	0.616409	1.918033	1.686170	2.984127	2.239615	13	6	2
St‰rke	6.349206	2.200870	5.109375	2.430737	7.327869	2.119130	10	6	2
Stasi	3.380952	2.405830	5.904762	2.780777	4.952381	2.991540	11	5	2
Statut	4.984375	0.766194	2.193548	1.735254	5.596774	2.645502	14	6	2
Stecher	3.555556	2.381229	5.269841	2.553974	5.412698	2.427231	16	7	2
Stecker	4.734375	0.929963	2.409836	1.883057	1.793651	1.577654	15	7	2
Stein	4.984375	0.917072	2.396825	1.791915	1.333333	0.595683	10	5	1
Steuer	4.281250	1.922868	2.661290	2.118951	4.758065	2.956989	11	6	2
Stiefel	4.984375	0.999876	3.064516	2.359987	1.403226	1.031626	13	7	2
Stiel	5.031250	0.616409	2.571429	1.973324	1.904762	1.410951	15	5	1
Stift	5.359375	1.074483	2.098361	1.690216	1.555556	1.553122	13	5	1
Stinker	3.396825	2.239957	5.238095	2.473826	6.225807	2.257369	16	7	2
Stirn	5.375000	0.951190	3.140625	2.231571	1.806452	1.328610	11	5	1
Stoff	4.984375	1.133784	2.650794	2.009323	2.936508	2.333992	10	5	1
Stolz	5.578125	2.068699	5.140625	2.349382	7.919355	1.935843	10	5	1
Stˆrer	3.380952	2.173362	5.730159	2.604007	5.317460	2.675006	15	6	2
Strahlen	5.619048	2.173362	3.765625	2.480029	6.603175	2.379616	12	8	2
Strand	6.596774	2.213666	4.937500	2.816477	2.269841	1.705838	12	6	1
Strasse	5.206349	0.986338	2.193548	1.800170	1.873016	1.184470	15	7	2
Streifen	5.359375	0.804100	2.209677	1.847791	2.774194	2.160900	11	8	2
Streit	3.093750	2.598649	5.790323	2.542344	6.672131	2.730820	8	6	1
Stress	3.515625	2.316211	5.777778	2.574343	7.349206	2.033262	12	6	1
Stricher	3.190476	2.408702	6.343750	2.071873	5.016129	2.512212	16	8	2
Strick	4.234375	1.832183	3.890625	2.551795	1.650794	1.333909	13	6	1
Strumpf	4.953125	0.805333	2.725807	2.049945	1.730159	1.427906	15	7	1
Student	5.718750	2.235846	4.079365	2.384774	3.777778	2.412631	11	7	2
Stufe	5.031250	0.502967	1.868853	1.161542	2.079365	1.548168	11	5	2
Stuhl	4.968750	0.815889	2.031746	1.703585	1.269841	0.573792	11	5	1
Stummel	4.281250	1.838467	3.328125	2.008353	3.158730	2.041555	17	7	2
St¸mper	3.793651	1.944046	4.593750	2.592534	6.145161	2.331866	16	7	2
Stunde	5.031250	0.942283	2.354839	1.775025	5.587302	3.040771	8	6	2
Stunk	3.531250	2.281525	5.906250	2.314336	6.822581	2.161695	17	5	1
Stute	5.375000	1.105542	3.906250	2.473470	1.698413	1.101830	13	5	2
Sucht	3.238095	2.427758	6.349206	1.952325	7.564516	1.996891	12	5	1
Suff	3.492064	2.235152	6.365079	2.302184	6.209677	2.477023	15	4	1
Summe	5.000000	1.234427	2.606557	2.230685	6.451613	2.539378	9	5	2
S¸nde	3.903226	2.690053	6.253968	2.214092	7.854839	1.818365	12	5	2
Suppe	5.218750	1.350705	3.000000	2.086825	2.079365	1.579114	12	5	2
Tafel	5.125000	0.723747	2.278689	1.889719	1.523810	0.913292	11	5	2
Talent	6.419355	2.020781	4.571429	2.100033	7.500000	1.948097	11	6	2
Tango	6.250000	2.130653	4.796875	2.495581	3.774194	2.418639	13	5	2
Tanz	6.046875	2.156052	4.619048	2.317038	3.730159	2.509378	10	4	1
T‰nzer	5.904762	2.005752	5.523810	2.638775	3.317460	2.263493	11	6	2
Tasche	5.093750	1.136952	2.412698	1.880588	1.596774	1.151758	12	6	2
Tasse	5.078125	0.931029	1.935484	1.577204	1.349206	0.572452	13	5	2
Taste	5.046875	0.375000	2.048387	1.613747	1.428571	0.855990	15	5	2
T‰ter	3.296875	2.334555	6.451613	2.230029	4.603175	2.642944	9	5	2
Taxi	5.109375	0.910559	2.311475	1.848792	1.564516	0.968707	12	4	2
Technik	5.301587	1.421436	2.580645	1.996295	5.290323	3.053550	9	7	2
Teig	5.468750	1.154271	2.491803	1.894052	1.920635	1.706738	14	4	1
Tennis	5.437500	1.478685	2.854839	2.331866	2.161290	1.611369	11	6	2
Teppich	4.984375	0.654464	2.253968	1.596046	1.714286	1.113387	12	7	2
Terror	2.677419	2.635036	7.349206	2.200870	7.483871	2.078319	10	6	2
Teufel	3.666667	2.362339	6.253968	2.552470	5.967213	3.103585	10	6	2
Tinte	5.281250	0.863157	2.640625	1.739980	1.967742	1.227656	13	5	2
Tisch	5.015625	0.723576	1.790323	1.641042	1.365079	0.809253	9	5	1
Toaster	5.156250	1.115814	2.161290	1.960207	1.253968	0.567060	15	7	2
Tod	2.725807	2.735135	7.158730	2.322446	6.370968	3.225075	8	3	1
Torte	6.156250	2.009649	3.612903	2.300070	1.301587	0.687091	14	5	2
Tˆtung	2.819672	2.831420	7.714286	1.861569	5.311475	2.912851	12	6	2
Tragik	4.171875	2.059085	5.093750	2.293668	8.290323	0.964741	13	6	2
Traktor	5.062500	0.923675	2.098361	1.690216	1.460318	1.119121	14	7	2
Transfer	5.140625	1.206690	2.290323	1.919589	6.290323	2.425190	12	8	2
Trauer	3.301587	2.581791	6.754098	2.118614	7.426230	2.085338	11	6	2
Traum	6.612903	2.249625	5.546875	2.531890	6.935484	2.527689	9	5	1
Trauma	3.265625	2.324761	6.790323	2.073542	6.661290	2.455796	13	6	2
Tr‰umer	6.682540	2.123793	5.078125	2.379173	5.564516	2.820423	14	7	2
Trauung	6.301587	2.174893	5.718750	2.446045	5.096774	2.732378	14	7	2
Treffer	5.983871	1.987600	4.174603	2.581196	5.603175	2.517934	10	7	2
Trennung	3.484375	2.196622	6.841270	2.251926	6.741936	2.547487	10	8	2
Treppe	4.906250	0.938062	2.250000	1.708987	1.612903	1.076650	11	6	2
Treue	6.476191	2.545440	6.015625	2.406949	7.870968	1.624443	11	5	1
Tripper	3.142857	2.663112	6.265625	2.463977	4.951613	3.091116	18	7	2
Triumph	6.419355	2.243741	6.301587	2.550363	7.387097	1.986469	11	7	2
Troph‰e	6.419355	1.954804	4.562500	2.422612	3.079365	2.477652	13	7	2
Trˆster	5.687500	1.876124	4.250000	2.323107	6.161290	2.410316	16	7	2
Trottel	3.671875	2.145906	5.218750	2.163688	5.555556	2.601351	15	7	2
Tr¸bsal	3.718750	1.987810	5.190476	2.361363	7.580645	1.806622	15	7	2
Truhe	5.078125	1.131156	3.032258	2.360659	1.619048	1.053850	15	5	2
Trumpf	5.936508	2.015048	4.218750	2.400190	6.112903	2.612108	13	6	1
Tube	5.031250	0.354954	2.049180	1.745721	1.587302	1.010189	15	4	2
Tuch	5.093750	0.885846	2.453125	1.876587	1.741936	1.401820	12	4	1
T¸cke	3.571429	2.153124	4.765625	2.524434	7.516129	1.905488	15	5	2
Tugend	6.225807	2.153300	4.603175	2.366021	7.548387	2.013702	12	6	2
Tumor	3.000000	2.645751	6.825397	2.218250	3.174603	2.568668	13	5	2
Tunte	3.781250	2.003717	5.171875	2.478829	4.444444	2.740248	17	5	2
T¸r	5.156250	0.858547	2.354839	1.847433	1.333333	0.647576	9	3	1
Turm	5.328125	1.084592	2.746032	1.731755	1.603175	0.833564	11	4	1
Umlaut	5.142857	1.060389	2.016129	1.971036	5.483871	3.150550	18	6	2
Umschlag	4.921875	0.741185	2.131148	1.892753	1.825397	1.486929	13	8	2
Unheil	3.333333	2.355502	5.603175	2.419942	8.080645	1.309466	12	6	2
Urin	3.671875	1.782229	6.317460	2.220327	2.222222	1.726870	13	4	2
Urlaub	7.048387	2.784191	5.421875	2.549850	6.467742	2.597084	10	6	2
Urne	3.562500	2.114763	4.809524	2.558081	2.000000	1.459120	14	4	2
Urteil	4.126984	1.679978	4.365079	2.490638	6.516129	2.584582	8	6	2
Verb	5.062500	0.559904	1.790323	1.579968	5.952381	3.107891	15	4	1
Verbot	3.515625	2.309347	6.295082	2.076409	7.206349	2.171359	10	6	2
Verkauf	5.312500	1.067187	2.437500	1.660704	5.704918	2.525498	9	7	2
Verlust	3.140625	2.369564	6.158730	2.431025	7.868853	1.564986	9	7	2
Verrat	3.158730	2.653095	5.656250	2.521141	7.338710	1.966469	12	6	2
Verriss	4.484375	1.671348	4.140625	2.356128	6.967742	1.966671	17	7	2
Viper	4.250000	1.825742	4.873016	2.762024	2.387097	2.129841	16	5	2
Vorbild	6.269841	1.885482	4.890625	2.417641	6.854839	2.209123	10	7	2
Vorgang	5.095238	0.530194	2.380952	1.895909	6.741936	2.360435	11	7	2
Vorhang	5.312500	1.005935	2.451613	1.522266	2.301587	2.005114	12	7	2
Vorspiel	6.730159	2.363747	6.328125	2.456315	6.428571	2.312060	13	8	2
Vorteil	6.000000	1.926052	3.453125	2.144981	7.322581	1.981672	10	7	2
Vortrag	5.281250	1.147375	2.725807	2.073797	4.888889	2.609605	10	7	2
Vulva	5.269841	1.724644	5.750000	2.783169	2.634921	2.026451	17	5	2
Wachs	5.421875	1.095513	2.838710	2.327269	1.887097	1.589977	14	5	1
Wachstum	5.725807	1.671059	4.031250	2.581797	6.777778	2.419307	9	8	2
Wade	5.109375	1.128522	2.952381	1.754520	1.714286	1.069045	14	4	2
Waffe	3.531250	2.336520	6.222222	2.498028	1.677419	1.156226	10	5	2
Waggon	5.174603	0.925267	2.476191	2.085721	1.380952	0.682230	14	6	2
Wahrheit	7.234375	2.700630	5.903226	2.584377	8.306452	1.421021	9	8	2
Wampe	4.000000	2.047816	4.234375	2.447819	3.065574	2.112415	17	5	2
Wanst	3.718750	2.214446	4.177419	2.392092	4.476191	2.583179	17	5	1
Wanze	3.984127	2.113643	4.500000	2.538591	2.063492	1.654642	16	5	2
W‰rme	6.793651	2.148959	5.174603	2.419942	6.147541	2.874231	11	5	2
Warze	3.375000	2.278262	5.063492	2.570760	1.854839	1.607837	17	5	2
Weisheit	7.140625	2.575015	5.095238	2.460752	8.377049	1.199499	11	8	2
Weste	5.125000	0.899735	2.015873	1.518616	1.725807	1.175841	13	5	2
Wichser	3.206349	2.541010	6.507937	2.206099	5.555556	2.538591	17	7	2
Wille	6.190476	1.941542	4.937500	2.742233	8.000000	1.504093	11	5	2
Winkel	4.984375	0.881777	1.770492	1.564113	2.825397	2.239957	11	6	2
Wissen	6.158730	2.201219	4.682540	2.752274	7.870968	1.562720	9	6	2
Witz	6.507937	2.354632	4.904762	2.339798	6.269841	2.515798	11	4	1
Wohl	6.193548	1.982205	4.765625	2.355286	7.564516	2.093088	10	4	1
Wollust	6.000000	2.449490	6.714286	2.066855	7.704918	1.819746	14	7	2
Wonne	6.265625	1.953769	5.468750	2.654548	7.774194	1.859132	13	5	2
Wort	5.328125	1.448093	2.603175	2.174186	5.587302	3.093359	8	4	1
Wunde	3.859375	1.901271	5.222222	2.385740	3.079365	2.018476	12	5	2
Wunder	6.750000	2.519763	6.640625	2.458333	8.096774	1.913795	10	6	2
Wunsch	6.322581	2.046782	5.312500	2.455153	7.919355	1.518178	9	6	1
W¸rde	6.380952	2.253518	4.656250	2.405145	8.032258	1.792221	10	5	2
W¸rger	3.387097	2.594792	6.140625	2.369564	4.412698	2.757014	16	6	2
W¸rze	6.047619	1.745303	4.046875	2.353179	4.936508	2.699301	15	5	2
Wut	3.562500	2.273903	7.609375	2.044095	7.645161	1.976060	11	3	1
Yacht	5.828125	1.759822	3.317460	2.131374	1.661290	1.200322	13	5	1
Zank	3.015625	2.299014	5.781250	2.235846	6.935484	2.015278	14	4	1
Zauber	6.380952	2.239157	5.000000	2.500794	7.451613	2.251975	12	6	2
Zecke	3.984127	2.358868	5.859375	2.349382	1.936508	1.749406	16	5	2
Zeichen	5.250000	1.098339	2.682540	1.932952	4.532258	2.809339	9	7	2
Zeile	5.125000	0.549170	1.919355	1.711086	3.492064	2.532836	12	5	2
Zeitung	5.562500	1.592393	2.419355	1.625094	1.380952	0.705476	8	7	2
Zelle	4.281250	2.058423	3.269841	2.390886	2.596774	1.979068	11	5	2
Zelt	5.734375	1.555759	3.269841	2.208534	1.460318	0.839074	11	4	1
Zettel	4.968750	0.815889	2.129032	1.787790	1.555556	1.341374	12	6	2
Zicke	3.500000	2.015811	6.062500	2.092124	5.444444	2.680742	16	5	2
Zimmer	5.375000	0.967733	2.650794	2.041179	2.238095	1.729388	9	6	2
Zimt	5.984127	1.650924	3.437500	2.252864	2.161290	1.812466	15	4	1
Zombie	3.603175	2.738847	5.682540	2.564179	5.483871	2.786042	16	6	2
Zorn	3.437500	2.217356	6.296875	2.421332	7.403226	2.044262	11	4	1
Zufahrt	5.078125	0.697039	1.758065	1.656438	4.730159	2.610193	13	7	2
Zufuhr	5.015625	0.577135	2.065574	1.681952	5.693548	2.460099	15	6	2
Zug	5.269841	1.050443	2.161290	1.601163	1.571429	1.102991	9	3	1
Zugang	5.125000	0.745356	2.174603	1.540210	5.984127	2.555778	10	6	2
Zugriff	4.718750	1.441656	2.301587	1.747209	6.666667	2.278936	11	7	2
Zustand	5.015625	0.845008	2.688525	1.953979	7.225807	2.168473	9	7	2
Zutritt	5.187500	0.940702	2.546875	1.851037	5.951613	2.620396	12	7	2